ID;Dateiname;URL;Format;Breite;Hoehe;Dateigroesse_KB;Alt_Text;Verwendung;Qualitaet_Wiederverwendbar;Empfehlung_fuer_Relaunch
2514;Saechsische_Aufbaubank_201x_logo.svg.webp;https://bau-mueller.eu/wp-content/uploads/2026/03/Saechsische_Aufbaubank_201x_logo.svg.webp;webp;960;463;18.6;Das Bild zeigt die Buchstaben SAB in fetter dunkelgrüner Schrift neben einem Gitter aus lindgrünen Punkten, die in vier Reihen angeordnet sind, wobei die Punkte von links nach rechts kleiner werden.;Logo / Markenauftritt;Ja (Gesetzt);Als SVG oder verlustfreies WebP ins neue Header- & Footer-Template übernehmen
2513;EU_Logo.webp;https://bau-mueller.eu/wp-content/uploads/2026/03/EU_Logo.webp;webp;910;922;27.2;Die Flagge der Europäischen Union mit einem Kreis aus 12 gelben Sternen auf blauem Grund, darüber die deutsche Aufschrift Kofinanziert von der Europäischen Union.;Logo / Markenauftritt;Ja (Gesetzt);Als SVG oder verlustfreies WebP ins neue Header- & Footer-Template übernehmen
2512;Sachen.webp;https://bau-mueller.eu/wp-content/uploads/2026/03/Sachen.webp;webp;1000;1235;30.7;Das Bild zeigt das Wappen des Freistaates Sachsen mit dem grünen Schriftzug Freistaat Sachsen über einem Schild mit schwarzen und goldenen Streifen und einer grünen Kranznadel, die diagonal über die Streifen verläuft.;Referenzkarte / Leistungs-Detail;Ja;In WebP konvertieren, 800-1000px, Zielgröße <= 100 KB
2485;EFRE-ESF_LO_Kombination_EU-Logo_SachsenSignet-klassisch_HF_RGB_300dpi.jpg;https://bau-mueller.eu/wp-content/uploads/2026/03/EFRE-ESF_LO_Kombination_EU-Logo_SachsenSignet-klassisch_HF_RGB_300dpi.jpg;jpeg;1165;565;126.0;Logo der Europäischen Union und des Freistaats Sachsen mit deutschem Text, der auf die Kofinanzierung durch die EU und die Finanzierung durch den sächsischen Landtag hinweist.;Logo / Markenauftritt;Ja (Gesetzt);Als SVG oder verlustfreies WebP ins neue Header- & Footer-Template übernehmen
2473;Tor-Zimmerei-Mueller.jpeg;https://bau-mueller.eu/wp-content/uploads/2025/08/Tor-Zimmerei-Mueller.jpeg;jpeg;1280;720;273.0;Zimmerei und Holzbau Projekt: Tor Zimmerei Mueller - Baugeschäft Müller;Header / Großbild / Projekt-Hero;Ja;In WebP konvertieren, max. 1920px, Zielgröße <= 200 KB
2398;c3ea0d76-5cd2-4630-a414-be8fb83a1031.webp;https://bau-mueller.eu/wp-content/uploads/2018/11/c3ea0d76-5cd2-4630-a414-be8fb83a1031.webp;webp;1344;755;422.4;Handwerks- und Bauprojekt Referenz: c3ea0d76 5cd2 4630 a414 be8fb83a1031 - Zimmerei & Baugeschäft Müller Colditz;Header / Großbild / Projekt-Hero;Ja;In WebP konvertieren, max. 1920px, Zielgröße <= 200 KB
2373;aa704001-60a5-40bb-86b0-15f04b8ce571.webp;https://bau-mueller.eu/wp-content/uploads/2024/06/aa704001-60a5-40bb-86b0-15f04b8ce571.webp;webp;1152;866;481.5;Handwerks- und Bauprojekt Referenz: aa704001 60a5 40bb 86b0 15f04b8ce571 - Zimmerei & Baugeschäft Müller Colditz;Referenzkarte / Leistungs-Detail;Ja;In WebP konvertieren, 800-1000px, Zielgröße <= 100 KB
2282;AMLogoneu.svg;https://bau-mueller.eu/wp-content/uploads/2023/10/AMLogoneu.svg;svg+xml;100;100;130.5;Zimmerei Mueller Colditz;Logo / Markenauftritt;Ja (Gesetzt);Als SVG oder verlustfreies WebP ins neue Header- & Footer-Template übernehmen
2269;AMLogoneublau.png;https://bau-mueller.eu/wp-content/uploads/2023/10/AMLogoneublau.png;png;575;433;58.5;Zimmerei Müller Colditz;Logo / Markenauftritt;Ja (Gesetzt);Als SVG oder verlustfreies WebP ins neue Header- & Footer-Template übernehmen
2204;cropped-Logo1weiss.png;https://bau-mueller.eu/wp-content/uploads/2023/08/cropped-Logo1weiss.png;png;799;574;9.7;Handwerks- und Bauprojekt Referenz: cropped Logo1weiss.png - Zimmerei & Baugeschäft Müller Colditz;Logo / Markenauftritt;Ja (Gesetzt);Als SVG oder verlustfreies WebP ins neue Header- & Footer-Template übernehmen
2203;Logo1weiss.png;https://bau-mueller.eu/wp-content/uploads/2023/08/Logo1weiss.png;png;800;575;12.1;Handwerks- und Bauprojekt Referenz: Logo1weiß - Zimmerei & Baugeschäft Müller Colditz;Logo / Markenauftritt;Ja (Gesetzt);Als SVG oder verlustfreies WebP ins neue Header- & Footer-Template übernehmen
2202;Logo1blau.png;https://bau-mueller.eu/wp-content/uploads/2023/08/Logo1blau.png;png;800;575;12.1;Handwerks- und Bauprojekt Referenz: Logo1blau - Zimmerei & Baugeschäft Müller Colditz;Logo / Markenauftritt;Ja (Gesetzt);Als SVG oder verlustfreies WebP ins neue Header- & Footer-Template übernehmen
1619;Popup-Help-BG.png;https://bau-mueller.eu/wp-content/uploads/2022/05/Popup-Help-BG.png;png;924;503;0.0;Handwerks- und Bauprojekt Referenz: Popup Help BG.png - Zimmerei & Baugeschäft Müller Colditz;Referenzkarte / Leistungs-Detail;Ja;In WebP konvertieren, 800-1000px, Zielgröße <= 100 KB
1471;cropped-logomueller-1.png;https://bau-mueller.eu/wp-content/uploads/2022/04/cropped-logomueller-1.png;png;512;384;0.0;Handwerks- und Bauprojekt Referenz: cropped logomueller 1.png - Zimmerei & Baugeschäft Müller Colditz;Logo / Markenauftritt;Ja (Gesetzt);Als SVG oder verlustfreies WebP ins neue Header- & Footer-Template übernehmen
1464;cropped-logomueller.png;https://bau-mueller.eu/wp-content/uploads/2022/04/cropped-logomueller.png;png;512;512;0.0;Handwerks- und Bauprojekt Referenz: cropped logomueller.png - Zimmerei & Baugeschäft Müller Colditz;Logo / Markenauftritt;Ja (Gesetzt);Als SVG oder verlustfreies WebP ins neue Header- & Footer-Template übernehmen
1463;logomueller.png;https://bau-mueller.eu/wp-content/uploads/2022/04/logomueller.png;png;512;384;0.0;Baugeschäft Müller;Logo / Markenauftritt;Ja (Gesetzt);Als SVG oder verlustfreies WebP ins neue Header- & Footer-Template übernehmen
1458;Wangentreppe-viertelgewendelt-Koltzschen.jpeg;https://bau-mueller.eu/wp-content/uploads/2022/04/Wangentreppe-viertelgewendelt-Koltzschen.jpeg;jpeg;640;427;0.0;Holztreppe und Treppenbau Referenz: Wangentreppe viertelgewendelt, Koltzschen - Zimmerei Müller Colditz;Referenzkarte / Leistungs-Detail;Ja;In WebP konvertieren, 800-1000px, Zielgröße <= 100 KB
1457;Wangentreppe-viertelgewendelt-Koltzschen-2.jpeg;https://bau-mueller.eu/wp-content/uploads/2022/04/Wangentreppe-viertelgewendelt-Koltzschen-2.jpeg;jpeg;640;427;0.0;Holztreppe und Treppenbau Referenz: Wangentreppe viertelgewendelt, Koltzschen 2 - Zimmerei Müller Colditz;Referenzkarte / Leistungs-Detail;Ja;In WebP konvertieren, 800-1000px, Zielgröße <= 100 KB
1455;Bild-85-1.jpeg;https://bau-mueller.eu/wp-content/uploads/2022/04/Bild-85-1.jpeg;jpeg;427;640;0.0;Handwerks- und Bauprojekt Referenz: Bild 85 - Zimmerei & Baugeschäft Müller Colditz;Vorschaubild / Galerie-Detail;Bedingt;Nur in Detailgalerien oder ersetzen durch höher auflösende Originale
1454;Bild-84-1.jpeg;https://bau-mueller.eu/wp-content/uploads/2022/04/Bild-84-1.jpeg;jpeg;427;640;0.0;Handwerks- und Bauprojekt Referenz: Bild 84 - Zimmerei & Baugeschäft Müller Colditz;Vorschaubild / Galerie-Detail;Bedingt;Nur in Detailgalerien oder ersetzen durch höher auflösende Originale
1453;Bild-83-1.jpeg;https://bau-mueller.eu/wp-content/uploads/2022/04/Bild-83-1.jpeg;jpeg;427;640;0.0;Handwerks- und Bauprojekt Referenz: Bild 83 - Zimmerei & Baugeschäft Müller Colditz;Vorschaubild / Galerie-Detail;Bedingt;Nur in Detailgalerien oder ersetzen durch höher auflösende Originale
1452;Bild-82.jpeg;https://bau-mueller.eu/wp-content/uploads/2022/04/Bild-82.jpeg;jpeg;480;640;0.0;Handwerks- und Bauprojekt Referenz: Bild 82 - Zimmerei & Baugeschäft Müller Colditz;Vorschaubild / Galerie-Detail;Bedingt;Nur in Detailgalerien oder ersetzen durch höher auflösende Originale
1451;Bild-81.jpeg;https://bau-mueller.eu/wp-content/uploads/2022/04/Bild-81.jpeg;jpeg;427;640;0.0;Handwerks- und Bauprojekt Referenz: Bild 81 - Zimmerei & Baugeschäft Müller Colditz;Vorschaubild / Galerie-Detail;Bedingt;Nur in Detailgalerien oder ersetzen durch höher auflösende Originale
1450;Bild-80-1.jpeg;https://bau-mueller.eu/wp-content/uploads/2022/04/Bild-80-1.jpeg;jpeg;640;427;0.0;Handwerks- und Bauprojekt Referenz: Bild 80 - Zimmerei & Baugeschäft Müller Colditz;Referenzkarte / Leistungs-Detail;Ja;In WebP konvertieren, 800-1000px, Zielgröße <= 100 KB
1449;Bild-79-1.jpeg;https://bau-mueller.eu/wp-content/uploads/2022/04/Bild-79-1.jpeg;jpeg;640;427;0.0;Handwerks- und Bauprojekt Referenz: Bild 79 - Zimmerei & Baugeschäft Müller Colditz;Referenzkarte / Leistungs-Detail;Ja;In WebP konvertieren, 800-1000px, Zielgröße <= 100 KB
1447;Bild-78.jpeg;https://bau-mueller.eu/wp-content/uploads/2022/04/Bild-78.jpeg;jpeg;640;427;0.0;Handwerks- und Bauprojekt Referenz: Bild 78 - Zimmerei & Baugeschäft Müller Colditz;Referenzkarte / Leistungs-Detail;Ja;In WebP konvertieren, 800-1000px, Zielgröße <= 100 KB
1444;Bild-75.jpeg;https://bau-mueller.eu/wp-content/uploads/2022/04/Bild-75.jpeg;jpeg;427;640;0.0;Handwerks- und Bauprojekt Referenz: Bild 75 - Zimmerei & Baugeschäft Müller Colditz;Vorschaubild / Galerie-Detail;Bedingt;Nur in Detailgalerien oder ersetzen durch höher auflösende Originale
1443;Bild-74-1.jpeg;https://bau-mueller.eu/wp-content/uploads/2022/04/Bild-74-1.jpeg;jpeg;640;427;0.0;Handwerks- und Bauprojekt Referenz: Bild 74 - Zimmerei & Baugeschäft Müller Colditz;Referenzkarte / Leistungs-Detail;Ja;In WebP konvertieren, 800-1000px, Zielgröße <= 100 KB
1442;Bild-73.jpeg;https://bau-mueller.eu/wp-content/uploads/2022/04/Bild-73.jpeg;jpeg;640;427;0.0;Handwerks- und Bauprojekt Referenz: Bild 73 - Zimmerei & Baugeschäft Müller Colditz;Referenzkarte / Leistungs-Detail;Ja;In WebP konvertieren, 800-1000px, Zielgröße <= 100 KB
1441;Bild-69.jpeg;https://bau-mueller.eu/wp-content/uploads/2022/04/Bild-69.jpeg;jpeg;427;640;0.0;Handwerks- und Bauprojekt Referenz: Bild 69 - Zimmerei & Baugeschäft Müller Colditz;Vorschaubild / Galerie-Detail;Bedingt;Nur in Detailgalerien oder ersetzen durch höher auflösende Originale
1440;Bild-68-1.jpeg;https://bau-mueller.eu/wp-content/uploads/2022/04/Bild-68-1.jpeg;jpeg;427;640;0.0;Handwerks- und Bauprojekt Referenz: Bild 68 - Zimmerei & Baugeschäft Müller Colditz;Vorschaubild / Galerie-Detail;Bedingt;Nur in Detailgalerien oder ersetzen durch höher auflösende Originale
1439;Bild-62-1.jpeg;https://bau-mueller.eu/wp-content/uploads/2022/04/Bild-62-1.jpeg;jpeg;640;427;0.0;Handwerks- und Bauprojekt Referenz: Bild 62 - Zimmerei & Baugeschäft Müller Colditz;Referenzkarte / Leistungs-Detail;Ja;In WebP konvertieren, 800-1000px, Zielgröße <= 100 KB
1438;Bild-61-1.jpeg;https://bau-mueller.eu/wp-content/uploads/2022/04/Bild-61-1.jpeg;jpeg;427;640;0.0;Handwerks- und Bauprojekt Referenz: Bild 61 - Zimmerei & Baugeschäft Müller Colditz;Vorschaubild / Galerie-Detail;Bedingt;Nur in Detailgalerien oder ersetzen durch höher auflösende Originale
1437;Bild-59-1.jpeg;https://bau-mueller.eu/wp-content/uploads/2022/04/Bild-59-1.jpeg;jpeg;427;640;0.0;Handwerks- und Bauprojekt Referenz: Bild 59 - Zimmerei & Baugeschäft Müller Colditz;Vorschaubild / Galerie-Detail;Bedingt;Nur in Detailgalerien oder ersetzen durch höher auflösende Originale
1436;Bild-58.jpeg;https://bau-mueller.eu/wp-content/uploads/2022/04/Bild-58.jpeg;jpeg;427;640;0.0;Handwerks- und Bauprojekt Referenz: Bild 58 - Zimmerei & Baugeschäft Müller Colditz;Vorschaubild / Galerie-Detail;Bedingt;Nur in Detailgalerien oder ersetzen durch höher auflösende Originale
1435;Bild-52-1.jpeg;https://bau-mueller.eu/wp-content/uploads/2022/04/Bild-52-1.jpeg;jpeg;427;640;0.0;Handwerks- und Bauprojekt Referenz: Bild 52 - Zimmerei & Baugeschäft Müller Colditz;Vorschaubild / Galerie-Detail;Bedingt;Nur in Detailgalerien oder ersetzen durch höher auflösende Originale
1434;Bild-49.jpeg;https://bau-mueller.eu/wp-content/uploads/2022/04/Bild-49.jpeg;jpeg;427;640;0.0;Handwerks- und Bauprojekt Referenz: Bild 49 - Zimmerei & Baugeschäft Müller Colditz;Vorschaubild / Galerie-Detail;Bedingt;Nur in Detailgalerien oder ersetzen durch höher auflösende Originale
1433;Bild-48.jpeg;https://bau-mueller.eu/wp-content/uploads/2022/04/Bild-48.jpeg;jpeg;427;640;0.0;Handwerks- und Bauprojekt Referenz: Bild 48 - Zimmerei & Baugeschäft Müller Colditz;Vorschaubild / Galerie-Detail;Bedingt;Nur in Detailgalerien oder ersetzen durch höher auflösende Originale
1432;Bild-47-1.jpeg;https://bau-mueller.eu/wp-content/uploads/2022/04/Bild-47-1.jpeg;jpeg;640;427;0.0;Handwerks- und Bauprojekt Referenz: Bild 47 - Zimmerei & Baugeschäft Müller Colditz;Referenzkarte / Leistungs-Detail;Ja;In WebP konvertieren, 800-1000px, Zielgröße <= 100 KB
1431;Bild-45.jpeg;https://bau-mueller.eu/wp-content/uploads/2022/04/Bild-45.jpeg;jpeg;480;640;0.0;Handwerks- und Bauprojekt Referenz: Bild 45 - Zimmerei & Baugeschäft Müller Colditz;Vorschaubild / Galerie-Detail;Bedingt;Nur in Detailgalerien oder ersetzen durch höher auflösende Originale
1430;Bild-43-1.jpeg;https://bau-mueller.eu/wp-content/uploads/2022/04/Bild-43-1.jpeg;jpeg;640;427;0.0;Eine moderne Holztreppe mit weißem Geländer schlängelt sich in einem gut beleuchteten Raum mit beigen Wänden und einer Deckenleuchte nach oben. Der Boden scheint unbearbeitet zu sein, und eine offene Tür führt in einen dunkleren Raum.;Referenzkarte / Leistungs-Detail;Ja;In WebP konvertieren, 800-1000px, Zielgröße <= 100 KB
1429;Bild-42-1.jpeg;https://bau-mueller.eu/wp-content/uploads/2022/04/Bild-42-1.jpeg;jpeg;480;640;0.0;Ein Blick vom oberen Ende einer hölzernen Wendeltreppe mit weißem Geländer, die zu einem gefliesten Boden in einem hell erleuchteten, unfertigen Innenraum führt.;Vorschaubild / Galerie-Detail;Bedingt;Nur in Detailgalerien oder ersetzen durch höher auflösende Originale
1428;Bild-41-1.jpeg;https://bau-mueller.eu/wp-content/uploads/2022/04/Bild-41-1.jpeg;jpeg;640;427;0.0;Eine kleine Holztreppe mit offenen Setzstufen und weißem Geländer, die an einer Wand in einem im Bau oder in der Renovierung befindlichen Raum angebracht ist. An der angrenzenden Wand sind freiliegende Elektrokästen zu sehen.;Referenzkarte / Leistungs-Detail;Ja;In WebP konvertieren, 800-1000px, Zielgröße <= 100 KB
1427;Bild-40.jpeg;https://bau-mueller.eu/wp-content/uploads/2022/04/Bild-40.jpeg;jpeg;640;427;0.0;Eine moderne Holztreppe mit offenen Setzstufen und weißen Seitenstützen führt entlang einer hellbeigen Wand nach oben. Im Vordergrund sind ein Teil eines weißen Geländers und eine Trittleiter zu sehen.;Referenzkarte / Leistungs-Detail;Ja;In WebP konvertieren, 800-1000px, Zielgröße <= 100 KB
1426;Bild-39-1.jpeg;https://bau-mueller.eu/wp-content/uploads/2022/04/Bild-39-1.jpeg;jpeg;427;640;0.0;Eine Holztreppe mit weißem Geländer und hellbraunen Stufen ist rechtwinklig gebogen und führt vor einer hellen Wand in einem Innenraum nach oben.;Vorschaubild / Galerie-Detail;Bedingt;Nur in Detailgalerien oder ersetzen durch höher auflösende Originale
1425;Bild-31-1.jpeg;https://bau-mueller.eu/wp-content/uploads/2022/04/Bild-31-1.jpeg;jpeg;640;427;0.0;Holztreppe mit hellen Stufen und einem Handlauf, von oben gesehen. Die Stufen sind mit weißen Klebebandstreifen versehen, möglicherweise zum Schutz während der Bau- oder Renovierungsarbeiten. Durch ein nahe gelegenes Fenster fällt natürliches Licht ein.;Referenzkarte / Leistungs-Detail;Ja;In WebP konvertieren, 800-1000px, Zielgröße <= 100 KB
1424;Bild-29-1.jpeg;https://bau-mueller.eu/wp-content/uploads/2022/04/Bild-29-1.jpeg;jpeg;427;640;0.0;Eine Holztreppe mit Pappstücken, die mit Hier öffnen und Prof Umzugkarton beschriftet sind, die an die Stufen geklebt wurden, wahrscheinlich um sie während der Bauarbeiten oder beim Umzug zu schützen. Ein Geländer verläuft entlang der Treppe.;Vorschaubild / Galerie-Detail;Bedingt;Nur in Detailgalerien oder ersetzen durch höher auflösende Originale
1423;Bild-20-2.jpeg;https://bau-mueller.eu/wp-content/uploads/2022/04/Bild-20-2.jpeg;jpeg;640;427;0.0;Ein hölzernes Sicherheitstor und ein Geländer umgeben den oberen Teil einer Treppe in einem Flur mit Holzfußboden und bilden eine sichere Barriere, die den Zugang zur Treppe verhindert.;Referenzkarte / Leistungs-Detail;Ja;In WebP konvertieren, 800-1000px, Zielgröße <= 100 KB
1422;Bild-16-2.jpeg;https://bau-mueller.eu/wp-content/uploads/2022/04/Bild-16-2.jpeg;jpeg;640;427;0.0;"Eine Holztreppe führt zu einer Decke, über der sich jedoch keine Öffnung befindet; die Treppe endet abrupt an einer flachen, geschlossenen Deckenplatte. Ein Holzstuhl steht in der Nähe an der Wand.";Referenzkarte / Leistungs-Detail;Ja;In WebP konvertieren, 800-1000px, Zielgröße <= 100 KB
1421;Bild-12-1.jpeg;https://bau-mueller.eu/wp-content/uploads/2022/04/Bild-12-1.jpeg;jpeg;427;640;0.0;Eine Holztreppe mit schrägen Stufen und einem Geländer aus Massivholz, die in ein anderes Stockwerk führt. Das Holz hat eine helle, natürliche Oberfläche und die Stufen sind stark nach rechts gebogen.;Vorschaubild / Galerie-Detail;Bedingt;Nur in Detailgalerien oder ersetzen durch höher auflösende Originale
1420;Bild-9-1.jpeg;https://bau-mueller.eu/wp-content/uploads/2022/04/Bild-9-1.jpeg;jpeg;360;640;0.0;"Eine Holztreppe mit abgeklebten Stufen führt in ein zweites Stockwerk; das Geländer und die Geländer sind aus hellem Holz, und auf dem Boden darunter sind Baumaterialien sichtbar.";Vorschaubild / Galerie-Detail;Bedingt;Nur in Detailgalerien oder ersetzen durch höher auflösende Originale
1419;Bild-8-1.jpeg;https://bau-mueller.eu/wp-content/uploads/2022/04/Bild-8-1.jpeg;jpeg;640;427;0.0;Blick von oben auf eine schmale, unvollendete Wendeltreppe aus Holz mit Schutzabdeckungen auf jeder Stufe und einem Handlauf auf der linken Seite, die zu einem kleinen Treppenabsatz führt.;Referenzkarte / Leistungs-Detail;Ja;In WebP konvertieren, 800-1000px, Zielgröße <= 100 KB
1418;Bild-7-1.jpeg;https://bau-mueller.eu/wp-content/uploads/2022/04/Bild-7-1.jpeg;jpeg;640;427;0.0;Eine Holztreppe mit vertikalem Geländer schlängelt sich vor einer schlichten weißen Wand nach unten. Das Sonnenlicht fällt durch ein nahe gelegenes Fenster und wirft Schatten auf die Stufen und den Boden.;Referenzkarte / Leistungs-Detail;Ja;In WebP konvertieren, 800-1000px, Zielgröße <= 100 KB
1417;Bild-6-1.jpeg;https://bau-mueller.eu/wp-content/uploads/2022/04/Bild-6-1.jpeg;jpeg;427;640;0.0;Blick von oben auf eine hölzerne Wendeltreppe mit natürlichem Licht aus einem rechteckigen Oberlicht am oberen Ende, das die geometrischen Linien und Muster der Treppe und des Geländers hervorhebt.;Vorschaubild / Galerie-Detail;Bedingt;Nur in Detailgalerien oder ersetzen durch höher auflösende Originale
1416;Bild-5-2.jpeg;https://bau-mueller.eu/wp-content/uploads/2022/04/Bild-5-2.jpeg;jpeg;427;640;0.0;Holztreppengeländer mit vertikalen Balustern und einem geschwungenen Handlauf in einem Innenraum in der Nähe eines Flurs mit gefliestem Boden und offenen Türen im Hintergrund.;Vorschaubild / Galerie-Detail;Bedingt;Nur in Detailgalerien oder ersetzen durch höher auflösende Originale
1415;Bild-4-2.jpeg;https://bau-mueller.eu/wp-content/uploads/2022/04/Bild-4-2.jpeg;jpeg;427;640;0.0;Eine hölzerne Wendeltreppe, die mit Schutzkarton abgedeckt ist, von oben gesehen. Die weiße Wand neben der Treppe hat oben rechts ein kleines Loch oder eine Beschädigung.;Vorschaubild / Galerie-Detail;Bedingt;Nur in Detailgalerien oder ersetzen durch höher auflösende Originale
1414;Bild-3-2.jpeg;https://bau-mueller.eu/wp-content/uploads/2022/04/Bild-3-2.jpeg;jpeg;427;640;0.0;Eine Holztreppe mit senkrechten Geländerstäben und hellbraunen Stufen, von der Seite gesehen. Die Wand und der Boden sind hell, und an der Wand ist ein kleiner quadratischer Schalter zu sehen.;Vorschaubild / Galerie-Detail;Bedingt;Nur in Detailgalerien oder ersetzen durch höher auflösende Originale
1413;Bild-2-3.jpeg;https://bau-mueller.eu/wp-content/uploads/2022/04/Bild-2-3.jpeg;jpeg;427;640;0.0;Eine hölzerne Wendeltreppe mit offenen Setzstufen und vertikalen Geländern, die sich entlang einer hellen Wand in einem modernen Innenraum nach oben schlängelt.;Vorschaubild / Galerie-Detail;Bedingt;Nur in Detailgalerien oder ersetzen durch höher auflösende Originale
1391;Terrasse-Leipzig.jpeg;https://bau-mueller.eu/wp-content/uploads/2022/04/Terrasse-Leipzig.jpeg;jpeg;640;427;0.0;Eine geflieste Veranda mit weißen Stühlen und einem Tisch neben einem Haus. Mehrere Topfpflanzen und Blumen schmücken die Terrasse, und ein unbefestigter Hof umgibt das Gelände. Das Haus hat helle Wände und geschlossene Fensterläden.;Referenzkarte / Leistungs-Detail;Ja;In WebP konvertieren, 800-1000px, Zielgröße <= 100 KB
1390;Sichtmauerwerk-Röhrsdorf.jpeg;https://bau-mueller.eu/wp-content/uploads/2022/04/Sichtmauerwerk-Röhrsdorf.jpeg;jpeg;640;427;0.0;Handwerks- und Bauprojekt Referenz: Sichtmauerwerk, Röhrsdorf - Zimmerei & Baugeschäft Müller Colditz;Referenzkarte / Leistungs-Detail;Ja;In WebP konvertieren, 800-1000px, Zielgröße <= 100 KB
1389;Putzsanierung-Kirchturm-Zschirla.jpeg;https://bau-mueller.eu/wp-content/uploads/2022/04/Putzsanierung-Kirchturm-Zschirla.jpeg;jpeg;427;640;0.0;Ein hoher Kirchturm mit einem spitzen, dunklen Dach und einer Uhr an der Fassade, teilweise verdeckt von grünen Bäumen unter einem bewölkten Himmel.;Vorschaubild / Galerie-Detail;Bedingt;Nur in Detailgalerien oder ersetzen durch höher auflösende Originale
1388;Neubau-Eingangstreppe-Klinga.jpeg;https://bau-mueller.eu/wp-content/uploads/2022/04/Neubau-Eingangstreppe-Klinga.jpeg;jpeg;640;427;0.0;Vor einem Gebäudeeingang werden breite Granitstufen eingebaut. Die Stufen sind noch nicht fertiggestellt. Unter den Stufen sind Lücken zu sehen, und auf den Stufen liegen Bauwerkzeuge, darunter eine Wasserwaage. Eine kleine Katze steht in der Nähe des Eingangs.;Referenzkarte / Leistungs-Detail;Ja;In WebP konvertieren, 800-1000px, Zielgröße <= 100 KB
1387;Klinkerpfeiler-Leipzig.jpeg;https://bau-mueller.eu/wp-content/uploads/2022/04/Klinkerpfeiler-Leipzig.jpeg;jpeg;427;640;0.0;Nahaufnahme eines teilweise errichteten Ziegelpfeilers mit roten Ziegeln und weißem Mörtel, der auf einem Betonsockel steht, um den herum Ziegel und Schutt verstreut sind.;Vorschaubild / Galerie-Detail;Bedingt;Nur in Detailgalerien oder ersetzen durch höher auflösende Originale
1386;Klinkermauerwerk-Kirchfenster-Leipzig.jpeg;https://bau-mueller.eu/wp-content/uploads/2022/04/Klinkermauerwerk-Kirchfenster-Leipzig.jpeg;jpeg;640;427;0.0;Zwei nebeneinander liegende Rundbogenfenster aus rotem Backstein mit einem zentralen Backsteinpfeiler, der in eine helle Wand eingelassen ist. Die Spitzen der Bögen sind spitz zulaufend und erinnern an den gotischen Baustil.;Referenzkarte / Leistungs-Detail;Ja;In WebP konvertieren, 800-1000px, Zielgröße <= 100 KB
1385;Eingangspflaster-Leipzig.jpeg;https://bau-mueller.eu/wp-content/uploads/2022/04/Eingangspflaster-Leipzig.jpeg;jpeg;640;427;0.0;Ein Hauseingang mit zwei Betonstufen, einer dunkelbraunen Tür und einem gepflasterten Gehweg aus quadratischen und rechteckigen Ziegeln. Auf der linken Seite befindet sich ein Streifen aus hellem Kies, und im Hintergrund sind Baumaterialien zu sehen.;Referenzkarte / Leistungs-Detail;Ja;In WebP konvertieren, 800-1000px, Zielgröße <= 100 KB
1311;Zaun-Neubau-Burg-Gnandstein.jpeg;https://bau-mueller.eu/wp-content/uploads/2022/04/Zaun-Neubau-Burg-Gnandstein.jpeg;jpeg;640;427;0.0;Ein hölzerner Lattenzaun mit gleichmäßig verteilten vertikalen Latten verläuft entlang einer unbefestigten und geschotterten Fläche, auf der im Hintergrund grüne Bäume und ein Wegweiser zu sehen sind.;Referenzkarte / Leistungs-Detail;Ja;In WebP konvertieren, 800-1000px, Zielgröße <= 100 KB
1310;Turm-Neubau-Leipzig.jpeg;https://bau-mueller.eu/wp-content/uploads/2022/04/Turm-Neubau-Leipzig.jpeg;jpeg;640;427;0.0;Zwei Arbeiter stehen auf einem Gerüst und montieren oder reparieren eine Holzkonstruktion auf dem Dach eines Gebäudes. Der Himmel ist bedeckt, und auf der linken Seite des Bildes ist eine Kiefer zu sehen.;Referenzkarte / Leistungs-Detail;Ja;In WebP konvertieren, 800-1000px, Zielgröße <= 100 KB
1309;Ortseingangsschild-Koltzschen.jpeg;https://bau-mueller.eu/wp-content/uploads/2022/04/Ortseingangsschild-Koltzschen.jpeg;jpeg;640;427;0.0;Ein Holzschild mit eingraviertem deutschem Text, das auf einem gelben Holzrahmen montiert ist, steht im Freien in der Nähe eines Zauns und einer Grünanlage im Sonnenlicht. Auf dem Schild steht: Kollitzschen anno 1286. hier klaut der Fuchs die Schuhe. hier hast du deine Ruhe.;Referenzkarte / Leistungs-Detail;Ja;In WebP konvertieren, 800-1000px, Zielgröße <= 100 KB
1307;Doppel-Carport-Collmen.jpeg;https://bau-mueller.eu/wp-content/uploads/2022/04/Doppel-Carport-Collmen.jpeg;jpeg;640;427;0.0;Teilweise aufgebauter hölzerner Pergola-Rahmen in einem Hinterhof, mit aufgestellten Balken und Pfosten. Eine Leiter lehnt an einer mit kahlen Ranken bewachsenen Wand, und ein Elektrowerkzeug mit einem roten Kabel liegt auf dem Boden.;Referenzkarte / Leistungs-Detail;Ja;In WebP konvertieren, 800-1000px, Zielgröße <= 100 KB
1306;Dielenfussboden-Grossbothen.jpeg;https://bau-mueller.eu/wp-content/uploads/2022/04/Dielenfussboden-Grossbothen.jpeg;jpeg;640;427;0.0;Ein leerer Raum mit hellen Holzdielen, einer weißen Wand, einem weißen Heizkörper und mehreren Steckdosen an den Wänden. Der Raum scheint gut beleuchtet und unmöbliert zu sein.;Referenzkarte / Leistungs-Detail;Ja;In WebP konvertieren, 800-1000px, Zielgröße <= 100 KB
1304;Dachstuhl-Sanierung-Kirche-Wildenhain.jpeg;https://bau-mueller.eu/wp-content/uploads/2022/04/Dachstuhl-Sanierung-Kirche-Wildenhain.jpeg;jpeg;640;427;0.0;Holzbalken und -bretter bilden das Gerüst eines im Bau befindlichen Schrägdachs, auf dessen Boden links ein Stapel Holzbretter aufgeschichtet ist. Das Licht fällt durch die Lücken zwischen den Dachlatten.;Referenzkarte / Leistungs-Detail;Ja;In WebP konvertieren, 800-1000px, Zielgröße <= 100 KB
1303;Dachstuhl-Wintergarten-Hohnbach.jpeg;https://bau-mueller.eu/wp-content/uploads/2022/04/Dachstuhl-Wintergarten-Hohnbach.jpeg;jpeg;640;427;0.0;Ein modernes zweistöckiges Haus mit großen Fenstern, Sonnenkollektoren auf dem dunkelgrauen Dach und hellgelb-grünen Außenwänden unter einem klaren blauen Himmel.;Referenzkarte / Leistungs-Detail;Ja;In WebP konvertieren, 800-1000px, Zielgröße <= 100 KB
1302;Dachreiter-Neubau-Leipzig.jpeg;https://bau-mueller.eu/wp-content/uploads/2022/04/Dachreiter-Neubau-Leipzig.jpeg;jpeg;640;427;0.0;Nahaufnahme eines im Bau befindlichen Gebäudes mit einer Reihe gelber Lüftungslamellen in der Nähe des Daches und schwarzem wetterfestem Material mit der Aufschrift DELTA VENT S an den Außenwänden.;Referenzkarte / Leistungs-Detail;Ja;In WebP konvertieren, 800-1000px, Zielgröße <= 100 KB
1301;Carport-Hohnbach.jpeg;https://bau-mueller.eu/wp-content/uploads/2022/04/Carport-Hohnbach.jpeg;jpeg;640;427;0.0;Eine teilweise errichtete Holzrahmenkonstruktion wird im Freien auf einem Betonfundament errichtet. Es sind Leitern und Baumaterialien zu sehen, und eine Person steht auf einer Leiter und arbeitet an dem Gerüst.;Referenzkarte / Leistungs-Detail;Ja;In WebP konvertieren, 800-1000px, Zielgröße <= 100 KB
1300;Binderdachstuhl-Kindergarten-Wechselburg.jpeg;https://bau-mueller.eu/wp-content/uploads/2022/04/Binderdachstuhl-Kindergarten-Wechselburg.jpeg;jpeg;427;640;0.0;Nahaufnahme von hölzernen Dachstühlen und Balken im Bau, die das Gerüst eines Gebäudes mit sich kreuzenden Hölzern und Metallbefestigungen zeigen, beleuchtet von natürlichem Licht.;Vorschaubild / Galerie-Detail;Bedingt;Nur in Detailgalerien oder ersetzen durch höher auflösende Originale
1299;Bild-86.jpeg;https://bau-mueller.eu/wp-content/uploads/2022/04/Bild-86.jpeg;jpeg;640;427;0.0;Ansicht eines im Bau befindlichen Dachstuhls aus Holz, mit sichtbaren Balken und Stützen vor einem klaren blauen Himmel. Im Hintergrund sind einige Gerüste und Baugeräte zu sehen.;Referenzkarte / Leistungs-Detail;Ja;In WebP konvertieren, 800-1000px, Zielgröße <= 100 KB
1298;Bild-85.jpeg;https://bau-mueller.eu/wp-content/uploads/2022/04/Bild-85.jpeg;jpeg;427;640;0.0;Nahaufnahme von Holzbalken und -verstrebungen, die Teil einer Dachkonstruktion sind, und die den Zusammenbau und die Anordnung der Holzstützen in einem teilweise errichteten Gebäude zeigen. Der Lichteinfall erfolgt von der rechten Seite.;Vorschaubild / Galerie-Detail;Bedingt;Nur in Detailgalerien oder ersetzen durch höher auflösende Originale
1297;Bild-84.jpeg;https://bau-mueller.eu/wp-content/uploads/2022/04/Bild-84.jpeg;jpeg;427;640;0.0;Nahaufnahme einer Holzbalkenverbindung in einer Fachwerkkonstruktion, die mit Holzpflöcken zusammengehalten wird, mit einem gewellten Dach und einer lichtdurchlässigen Abdeckung im Hintergrund.;Vorschaubild / Galerie-Detail;Bedingt;Nur in Detailgalerien oder ersetzen durch höher auflösende Originale
1296;Bild-83.jpeg;https://bau-mueller.eu/wp-content/uploads/2022/04/Bild-83.jpeg;jpeg;427;640;0.0;Das Sonnenlicht scheint durch eine unfertige Holzkonstruktion und hebt die sich kreuzenden Balken und Bohlen hervor. Ein Teil einer Plane oder eines Stoffes bedeckt den Hintergrund und deutet auf laufende Bau- oder Renovierungsarbeiten hin.;Vorschaubild / Galerie-Detail;Bedingt;Nur in Detailgalerien oder ersetzen durch höher auflösende Originale
1295;Bild-80.jpeg;https://bau-mueller.eu/wp-content/uploads/2022/04/Bild-80.jpeg;jpeg;640;427;0.0;"Ein zweistöckiges, im Bau befindliches Haus mit einem Gerüst drum herum und freiliegenden Dachbalken; die Wände sind unvollendet, und Baumaterialien liegen in der Nähe verstreut.";Referenzkarte / Leistungs-Detail;Ja;In WebP konvertieren, 800-1000px, Zielgröße <= 100 KB
1294;Bild-79.jpeg;https://bau-mueller.eu/wp-content/uploads/2022/04/Bild-79.jpeg;jpeg;640;427;0.0;Eine teilweise isolierte Wand mit freiliegenden Ziegelsteinen, Holzrahmen und Mineralwolleplatten. Eine metallene Trittleiter, ein hölzerner Sägebock und ein Besen stehen vor der Wand.;Referenzkarte / Leistungs-Detail;Ja;In WebP konvertieren, 800-1000px, Zielgröße <= 100 KB
1293;Bild-76.jpeg;https://bau-mueller.eu/wp-content/uploads/2022/04/Bild-76.jpeg;jpeg;427;640;0.0;Im Bau befindliches Dach mit neuen, hellen Holzbalken, die ältere, dunklere Balken verstärken. Es sind Planen und Baumaterialien zu sehen, und am Rande des Daches steht ein Gerüst.;Vorschaubild / Galerie-Detail;Bedingt;Nur in Detailgalerien oder ersetzen durch höher auflösende Originale
1292;Bild-74.jpeg;https://bau-mueller.eu/wp-content/uploads/2022/04/Bild-74.jpeg;jpeg;427;640;0.0;Ein teilweise errichtetes Dach mit freiliegenden Holzbalken und einer grünen, gitterförmigen Dämmplatte. Einige Bereiche sind mit Planen abgedeckt, und im Hintergrund ist der Himmel zu sehen.;Vorschaubild / Galerie-Detail;Bedingt;Nur in Detailgalerien oder ersetzen durch höher auflösende Originale
1291;Bild-71.jpeg;https://bau-mueller.eu/wp-content/uploads/2022/04/Bild-71.jpeg;jpeg;640;427;0.0;Blick von unten auf einen hölzernen Überhang, der an einem Gebäude angebracht ist und von einem diagonalen Holzbalken getragen wird. Die Struktur scheint aus hellem Holz neu errichtet worden zu sein. Ein Teil einer Dachrinne und einer Mauer sind ebenfalls sichtbar.;Referenzkarte / Leistungs-Detail;Ja;In WebP konvertieren, 800-1000px, Zielgröße <= 100 KB
1290;Bild-68.jpeg;https://bau-mueller.eu/wp-content/uploads/2022/04/Bild-68.jpeg;jpeg;640;427;0.0;Ein gemauerter Freiluftofen mit einem hölzernen Dachstuhl im Bau, der von einer Leiter gestützt wird, steht in einem Garten mit Bäumen und bewölktem Himmel im Hintergrund.;Referenzkarte / Leistungs-Detail;Ja;In WebP konvertieren, 800-1000px, Zielgröße <= 100 KB
1289;Bild-67.jpeg;https://bau-mueller.eu/wp-content/uploads/2022/04/Bild-67.jpeg;jpeg;640;427;0.0;"Ein kleiner Backofen aus Ziegelsteinen im Freien mit einem Schrägdach, das mit roten, fischschuppenartigen Schindeln bedeckt ist; in der Nähe steht eine Leiter und im Hintergrund sind Bäume zu sehen.";Referenzkarte / Leistungs-Detail;Ja;In WebP konvertieren, 800-1000px, Zielgröße <= 100 KB
1288;Bild-66.jpeg;https://bau-mueller.eu/wp-content/uploads/2022/04/Bild-66.jpeg;jpeg;640;427;0.0;Ein im Bau befindlicher Carport-Rahmen aus Holz steht auf einer Schotterfläche. Die Konstruktion hat robuste Balken und Pfosten, aber noch kein Dach. Im Hintergrund sind Häuser und ein Brennholzstapel zu sehen. An der Vorderseite verläuft ein Drahtzaun.;Referenzkarte / Leistungs-Detail;Ja;In WebP konvertieren, 800-1000px, Zielgröße <= 100 KB
1287;Bild-65.jpeg;https://bau-mueller.eu/wp-content/uploads/2022/04/Bild-65.jpeg;jpeg;640;427;0.0;Eine im Bau befindliche Holzpergola steht auf dem nackten Boden eines Gartens. Im Hintergrund sind ein Gewächshaus, Bäume und Häuser zu sehen.;Referenzkarte / Leistungs-Detail;Ja;In WebP konvertieren, 800-1000px, Zielgröße <= 100 KB
1286;Bild-63.jpeg;https://bau-mueller.eu/wp-content/uploads/2022/04/Bild-63.jpeg;jpeg;640;427;0.0;Eine teilweise errichtete Außenstruktur mit einem weißen Holzdach und grauen Steinblockwänden, die an einen Garten mit Grünpflanzen und Mulch grenzt.;Referenzkarte / Leistungs-Detail;Ja;In WebP konvertieren, 800-1000px, Zielgröße <= 100 KB
1285;Bild-62.jpeg;https://bau-mueller.eu/wp-content/uploads/2022/04/Bild-62.jpeg;jpeg;640;427;0.0;Weiße Holzbalken bilden den Rahmen für ein Terrassendach über einem gefliesten Außenbereich, in dessen Hintergrund Gras, Sträucher und ein Trampolin zu sehen sind.;Referenzkarte / Leistungs-Detail;Ja;In WebP konvertieren, 800-1000px, Zielgröße <= 100 KB
1284;Bild-61.jpeg;https://bau-mueller.eu/wp-content/uploads/2022/04/Bild-61.jpeg;jpeg;640;427;0.0;Ein weißer Pergola-Rahmen aus Metall ist an einem grauen Gebäude mit einer Tür, einem orangefarbenen Abflussrohr und einer Außenbeleuchtung angebracht. Der Boden ist gepflastert, und entlang der Mauer befindet sich eine weiße Steineinfassung.;Referenzkarte / Leistungs-Detail;Ja;In WebP konvertieren, 800-1000px, Zielgröße <= 100 KB
1283;Bild-59.jpeg;https://bau-mueller.eu/wp-content/uploads/2022/04/Bild-59.jpeg;jpeg;640;427;0.0;"Eine hölzerne Pergola mit einem Schrägdach steht in einem Garten, der von grünen Pflanzen und Bäumen umgeben ist; auf der rechten Seite des Bildes ist eine Person zu sehen.";Referenzkarte / Leistungs-Detail;Ja;In WebP konvertieren, 800-1000px, Zielgröße <= 100 KB
1281;Bild-53.jpeg;https://bau-mueller.eu/wp-content/uploads/2022/04/Bild-53.jpeg;jpeg;427;640;0.0;Ein hölzerner Unterstand mit schrägem Dach, Seitenwand und Querverstrebungen steht auf einem gepflasterten Weg neben einem Maschendrahtzaun in einem Hinterhof. Im Hintergrund ist ein gelbes Haus mit einem Balkon zu sehen.;Vorschaubild / Galerie-Detail;Bedingt;Nur in Detailgalerien oder ersetzen durch höher auflösende Originale
1280;Bild-52.jpeg;https://bau-mueller.eu/wp-content/uploads/2022/04/Bild-52.jpeg;jpeg;640;427;0.0;Eine hölzerne Außenstruktur mit schrägem Dach und senkrechten Pfosten, die auf einer gepflasterten Fläche mit Gras in der Nähe steht. An der Basis der Struktur sind Ziegelstapel angebracht. Im Hintergrund sind Bäume zu sehen.;Referenzkarte / Leistungs-Detail;Ja;In WebP konvertieren, 800-1000px, Zielgröße <= 100 KB
1279;Bild-51.jpeg;https://bau-mueller.eu/wp-content/uploads/2022/04/Bild-51.jpeg;jpeg;640;427;0.0;Hölzerne Dachstühle und Balken im Bau, wobei der blaue Himmel durch den Dachstuhl zu sehen ist, was die frühen Phasen des Baus einer Dachkonstruktion veranschaulicht.;Referenzkarte / Leistungs-Detail;Ja;In WebP konvertieren, 800-1000px, Zielgröße <= 100 KB
1278;Bild-47.jpeg;https://bau-mueller.eu/wp-content/uploads/2022/04/Bild-47.jpeg;jpeg;427;640;0.0;"Ein teilweise gebautes Holzhaus mit freiliegenden Balken und einem wolkenverhangenen blauen Himmel darüber; auf dem Betonboden sind Baumaterialien und Werkzeuge zu sehen.";Vorschaubild / Galerie-Detail;Bedingt;Nur in Detailgalerien oder ersetzen durch höher auflösende Originale
1277;Bild-44.jpeg;https://bau-mueller.eu/wp-content/uploads/2022/04/Bild-44.jpeg;jpeg;640;427;0.0;Teilweise errichtetes Gebäude mit Holzbalken und -stämmen, die den Dachstuhl bilden, Betonblockwänden und sichtbaren Gerüsten vor blauem Himmel.;Referenzkarte / Leistungs-Detail;Ja;In WebP konvertieren, 800-1000px, Zielgröße <= 100 KB
1276;Bild-43.jpeg;https://bau-mueller.eu/wp-content/uploads/2022/04/Bild-43.jpeg;jpeg;640;427;0.0;An einem im Bau befindlichen Haus werden hölzerne Dachstühle angebracht. Ein Teil des Daches ist mit neuen roten Ziegeln gedeckt, und vor dem blauen Himmel sind Gerüste und Holzbalken zu sehen.;Referenzkarte / Leistungs-Detail;Ja;In WebP konvertieren, 800-1000px, Zielgröße <= 100 KB
1275;Bild-42.jpeg;https://bau-mueller.eu/wp-content/uploads/2022/04/Bild-42.jpeg;jpeg;640;427;0.0;Ein im Bau befindliches Gebäude mit freiliegenden hölzernen Dachstühlen und einer darunter liegenden Betonblockstruktur, die teilweise von einem rosafarbenen Isolierstreifen umrandet wird, vor einem klaren Himmel.;Referenzkarte / Leistungs-Detail;Ja;In WebP konvertieren, 800-1000px, Zielgröße <= 100 KB
1273;Bild-39.jpeg;https://bau-mueller.eu/wp-content/uploads/2022/04/Bild-39.jpeg;jpeg;640;427;0.0;Auf einem Schlackensteinfundament wird gerade ein Holzgerüst für eine Wand errichtet. Im Hintergrund sind Bäume und ein bewölkter Himmel zu sehen.;Referenzkarte / Leistungs-Detail;Ja;In WebP konvertieren, 800-1000px, Zielgröße <= 100 KB
1272;Bild-38.jpeg;https://bau-mueller.eu/wp-content/uploads/2022/04/Bild-38.jpeg;jpeg;427;640;0.0;Neben einem Haus wird ein Holzrahmenbau errichtet, bei dem vertikale und horizontale Balken eingesetzt werden. Die Baustelle ist umgeben von Bäumen und Baumstämmen unter einem klaren blauen Himmel.;Vorschaubild / Galerie-Detail;Bedingt;Nur in Detailgalerien oder ersetzen durch höher auflösende Originale
1271;Bild-35.jpeg;https://bau-mueller.eu/wp-content/uploads/2022/04/Bild-35.jpeg;jpeg;640;427;0.0;Ein runder, oberirdischer Pool, der mit einer grünen Plane abgedeckt ist, steht unter einer hölzernen Pergola in einem Hinterhof, der von Gras, Bäumen und einem Holzzaun umgeben ist.;Referenzkarte / Leistungs-Detail;Ja;In WebP konvertieren, 800-1000px, Zielgröße <= 100 KB
1269;Bild-31.jpeg;https://bau-mueller.eu/wp-content/uploads/2022/04/Bild-31.jpeg;jpeg;427;640;0.0;Ein hölzerner Vorbau mit freiliegenden Balken steht über dem Eingang eines beigefarbenen Hauses und verdeckt teilweise die Türöffnung. Die Struktur ist nicht überdacht und ruht auf Metallfundamenten in einem kleinen Gartenbereich.;Vorschaubild / Galerie-Detail;Bedingt;Nur in Detailgalerien oder ersetzen durch höher auflösende Originale
1268;Bild-30.jpeg;https://bau-mueller.eu/wp-content/uploads/2022/04/Bild-30.jpeg;jpeg;427;640;0.0;Ein kleiner Holzschuppen mit horizontalen Brettern und einer offenen Tür, der an der Seite eines Gebäudes angebracht ist. Das Sonnenlicht wirft Schatten, und vor dem Eingang ist etwas Gras zu sehen.;Vorschaubild / Galerie-Detail;Bedingt;Nur in Detailgalerien oder ersetzen durch höher auflösende Originale
1267;Bild-29.jpeg;https://bau-mueller.eu/wp-content/uploads/2022/04/Bild-29.jpeg;jpeg;427;640;0.0;Nahaufnahme der Außenwand eines Holzschuppens oder eines kleinen Gebäudes mit horizontaler Holzvertäfelung und natürlicher Oberfläche. Auf der rechten Seite ist eine offene Tür zu sehen.;Vorschaubild / Galerie-Detail;Bedingt;Nur in Detailgalerien oder ersetzen durch höher auflösende Originale
1266;Bild-27.jpeg;https://bau-mueller.eu/wp-content/uploads/2022/04/Bild-27.jpeg;jpeg;640;427;0.0;Ein im Bau befindliches Gebäude mit freiliegenden Holzbalken, einem Gerüst und einem unteren Teil aus Ziegeln. Das obere Dach ist mit grauen Schindeln gedeckt, während die Wände unbearbeitet und offen sind.;Referenzkarte / Leistungs-Detail;Ja;In WebP konvertieren, 800-1000px, Zielgröße <= 100 KB
1265;Bild-26.jpeg;https://bau-mueller.eu/wp-content/uploads/2022/04/Bild-26.jpeg;jpeg;427;640;0.0;Zwei helle Holztüren mit runden, ausgeschnittenen Griffen in einem rustikalen Holzrahmen, umgeben von groben Holzbalken.;Vorschaubild / Galerie-Detail;Bedingt;Nur in Detailgalerien oder ersetzen durch höher auflösende Originale
1264;Bild-25.jpeg;https://bau-mueller.eu/wp-content/uploads/2022/04/Bild-25.jpeg;jpeg;640;427;0.0;Holzbalken und Gerüst eines im Bau befindlichen Gebäudes, wobei ein Teil des oberen Teils mit einer blauen Plane abgedeckt ist. Im Hintergrund sind der Himmel und das Dach eines nahe gelegenen Gebäudes zu sehen.;Referenzkarte / Leistungs-Detail;Ja;In WebP konvertieren, 800-1000px, Zielgröße <= 100 KB
1263;Bild-24.jpeg;https://bau-mueller.eu/wp-content/uploads/2022/04/Bild-24.jpeg;jpeg;640;427;0.0;"Ein teilweise aufgebauter Carport aus Holz steht neben einem beigen Haus mit rotem Dach; ein weißer Lieferwagen ist in der Nähe geparkt und Leitern sind an die Struktur gelehnt. Zwei Personen arbeiten unter den Balken.";Referenzkarte / Leistungs-Detail;Ja;In WebP konvertieren, 800-1000px, Zielgröße <= 100 KB
1261;Bild-19-1.jpeg;https://bau-mueller.eu/wp-content/uploads/2022/04/Bild-19-1.jpeg;jpeg;640;427;0.0;Ein teilweise gebautes hölzernes Vordach, das an ein Haus angebaut ist, bedeckt mit schwarzem wasserdichtem Material. Holzbalken und Stützen sind sichtbar, im Hintergrund eine Leiter und Grünpflanzen.;Referenzkarte / Leistungs-Detail;Ja;In WebP konvertieren, 800-1000px, Zielgröße <= 100 KB
1260;Bild-16-1.jpeg;https://bau-mueller.eu/wp-content/uploads/2022/04/Bild-16-1.jpeg;jpeg;427;640;0.0;Eine Doppeltür aus Holz ohne Griffe ist in eine helle Wand eingelassen. Auf der Vorderseite befindet sich ein gepflasterter Weg, und der obere Teil des Gebäudes ist mit vertikalen Holzplatten verkleidet.;Vorschaubild / Galerie-Detail;Bedingt;Nur in Detailgalerien oder ersetzen durch höher auflösende Originale
1259;Bild-15-1.jpeg;https://bau-mueller.eu/wp-content/uploads/2022/04/Bild-15-1.jpeg;jpeg;640;427;0.0;"Ein großes, im Bau befindliches Gebäude mit freiliegenden hölzernen Dachstühlen, grauen Betonwänden und einem schwarzen Auto, das in der Nähe geparkt ist; Baumaterialien sind bei bedecktem Himmel auf dem Gelände verstreut.";Referenzkarte / Leistungs-Detail;Ja;In WebP konvertieren, 800-1000px, Zielgröße <= 100 KB
1258;Bild-10-1.jpeg;https://bau-mueller.eu/wp-content/uploads/2022/04/Bild-10-1.jpeg;jpeg;640;427;0.0;"Ein in Renovierung befindliches Haus mit einer teilweise errichteten Holzrahmenkonstruktion an der Seite; Baumaterialien und Schutt liegen auf dem Rasen in der Nähe verstreut.";Referenzkarte / Leistungs-Detail;Ja;In WebP konvertieren, 800-1000px, Zielgröße <= 100 KB
1257;Bild-5-1.jpeg;https://bau-mueller.eu/wp-content/uploads/2022/04/Bild-5-1.jpeg;jpeg;640;427;0.0;Ein im Bau befindliches Haus mit einem teilweise errichteten hölzernen Dachstuhl, einem Baugerüst an einer Seite und einem klaren blauen Himmel mit vereinzelten Wolken im Hintergrund.;Referenzkarte / Leistungs-Detail;Ja;In WebP konvertieren, 800-1000px, Zielgröße <= 100 KB
1256;Bild-2-2.jpeg;https://bau-mueller.eu/wp-content/uploads/2022/04/Bild-2-2.jpeg;jpeg;640;427;0.0;Eine Person fegt unter einem großen hölzernen Carport, der an ein kleines weißes Gebäude mit Ziegeldach angebaut ist. Es sind Bauwerkzeuge, eine Schubkarre und Leitern zu sehen. Der umliegende Hof besteht aus kahlem Boden und Gras.;Referenzkarte / Leistungs-Detail;Ja;In WebP konvertieren, 800-1000px, Zielgröße <= 100 KB
1255;Bild-1-1.jpeg;https://bau-mueller.eu/wp-content/uploads/2022/04/Bild-1-1.jpeg;jpeg;640;427;0.0;"Nahaufnahme eines hölzernen Pergoladachs mit freiliegenden Balken und einer schrägen Konstruktion; im Hintergrund sind grüne Bäume und ein Teil eines Hauses zu sehen.";Referenzkarte / Leistungs-Detail;Ja;In WebP konvertieren, 800-1000px, Zielgröße <= 100 KB
1208;Bild-20.jpeg;https://bau-mueller.eu/wp-content/uploads/2022/04/Bild-20.jpeg;jpeg;427;640;0.0;Ein großer Holztisch mit glatter Oberfläche und stabilen Beinen steht in einer Werkstatt, umgeben von Werkzeugen, Holzbrettern und großen Fenstern, die Tageslicht hereinlassen.;Vorschaubild / Galerie-Detail;Bedingt;Nur in Detailgalerien oder ersetzen durch höher auflösende Originale
1207;Bild-19.jpeg;https://bau-mueller.eu/wp-content/uploads/2022/04/Bild-19.jpeg;jpeg;427;640;0.0;"Ein großer, rechteckiger Holztisch mit Metallbeinen steht in einer Werkstatt; man sieht Holzbearbeitungswerkzeuge, Regale und eine Person, die im Hintergrund arbeitet.";Vorschaubild / Galerie-Detail;Bedingt;Nur in Detailgalerien oder ersetzen durch höher auflösende Originale
1206;Bild-18.jpeg;https://bau-mueller.eu/wp-content/uploads/2022/04/Bild-18.jpeg;jpeg;427;640;0.0;Eine Essecke mit einem ovalen Holztisch, vier dunkel gepolsterten Stühlen und eingebauten Fensterbänken in einer Ecke mit großen Fenstern und Holzfußboden. Natürliches Licht durchflutet den gemütlichen Raum.;Vorschaubild / Galerie-Detail;Bedingt;Nur in Detailgalerien oder ersetzen durch höher auflösende Originale
1202;Bild-14.jpeg;https://bau-mueller.eu/wp-content/uploads/2022/04/Bild-14.jpeg;jpeg;427;640;0.0;Ein modernes Badezimmer mit grauen Fliesen an den Wänden und auf dem Boden, mit einem eingebauten Holzschrank mit horizontalen Paneelen und einem Regal mit Toilettenartikeln, einem Schwamm und einer Bürste. Im Hintergrund sind ein Handtuchhalter und eine offene Tür zu sehen.;Vorschaubild / Galerie-Detail;Bedingt;Nur in Detailgalerien oder ersetzen durch höher auflösende Originale
1200;Bild-12.jpeg;https://bau-mueller.eu/wp-content/uploads/2022/04/Bild-12.jpeg;jpeg;427;640;0.0;Modernes Badezimmer mit einer wandmontierten Toilette, einem schwimmenden Waschbecken mit einem Spiegel darüber, Regalen mit Toilettenartikeln, einem Hochschrank und einer Grünpflanze auf dem Boden. Natürliches Licht fällt durch ein Fenster ein.;Vorschaubild / Galerie-Detail;Bedingt;Nur in Detailgalerien oder ersetzen durch höher auflösende Originale
1199;Bild-11.jpeg;https://bau-mueller.eu/wp-content/uploads/2022/04/Bild-11.jpeg;jpeg;640;427;0.0;Großer weißer Einbauschrank mit zwei silbernen Griffen vor einer grau gefliesten Wand und einem grauen Boden. Unterhalb und seitlich des Schranks sind ein kleines Fenster mit Pflanzen und eine schmale Nische zu sehen.;Referenzkarte / Leistungs-Detail;Ja;In WebP konvertieren, 800-1000px, Zielgröße <= 100 KB
1198;Bild-10.jpeg;https://bau-mueller.eu/wp-content/uploads/2022/04/Bild-10.jpeg;jpeg;427;640;0.0;Ein modernes Badezimmer mit grünen Fliesen hinter einer Wandtoilette, einem Holzregal mit Körben unter einem weißen Waschbecken, einem quadratischen Spiegel und Toilettenartikeln auf der Arbeitsplatte. Der Fußboden ist mit Holzmustern versehen.;Vorschaubild / Galerie-Detail;Bedingt;Nur in Detailgalerien oder ersetzen durch höher auflösende Originale
1193;Bild-5.jpeg;https://bau-mueller.eu/wp-content/uploads/2022/04/Bild-5.jpeg;jpeg;640;427;0.0;Ein hölzernes Wandpaneel mit mehreren schwarzen Kleiderhaken ist in einem Flur unter einer Holztreppe angebracht. Auf der rechten Seite befinden sich Türen und eine kleine weiße Leiste unter dem Paneel. Der Raum wirkt aufgeräumt und modern.;Referenzkarte / Leistungs-Detail;Ja;In WebP konvertieren, 800-1000px, Zielgröße <= 100 KB
1192;Bild-4-1.jpeg;https://bau-mueller.eu/wp-content/uploads/2022/04/Bild-4-1.jpeg;jpeg;640;427;0.0;Ein hölzerner Garderobenständer mit mehreren Haken ist an einer Wand unter einer Holztreppe in einem Flur angebracht. Im Paneel ist ein Lichtschalter integriert und im Hintergrund sind zwei Türöffnungen zu sehen.;Referenzkarte / Leistungs-Detail;Ja;In WebP konvertieren, 800-1000px, Zielgröße <= 100 KB
1190;Bild-2-1.jpeg;https://bau-mueller.eu/wp-content/uploads/2022/04/Bild-2-1.jpeg;jpeg;640;427;0.0;Ein hölzerner Kindertisch mit zwei eingebauten Bänken, die sich gegenüberstehen, mit abgerundeten Kanten und kreisförmigen Ausschnitten an den Seitenwänden, aufgestellt auf einem Werkstattboden.;Referenzkarte / Leistungs-Detail;Ja;In WebP konvertieren, 800-1000px, Zielgröße <= 100 KB
1189;Bild-1.jpeg;https://bau-mueller.eu/wp-content/uploads/2022/04/Bild-1.jpeg;jpeg;640;427;0.0;Ein hölzerner Kindertisch mit zwei dazu passenden Stühlen aus hellem Holz mit abgerundeten Kanten und kreisförmigen Aussparungen, die auf dem Boden einer Werkstatt stehen.;Referenzkarte / Leistungs-Detail;Ja;In WebP konvertieren, 800-1000px, Zielgröße <= 100 KB
1187;Bild-4.jpeg;https://bau-mueller.eu/wp-content/uploads/2022/04/Bild-4.jpeg;jpeg;640;427;0.0;Eine hölzerne Wandgarderobe mit acht schwarzen Haken befindet sich unter einer Holztreppe in einem Flur mit cremefarbenen Wänden und braunen Türrahmen.;Referenzkarte / Leistungs-Detail;Ja;In WebP konvertieren, 800-1000px, Zielgröße <= 100 KB
1185;Bild-2.jpeg;https://bau-mueller.eu/wp-content/uploads/2022/04/Bild-2.jpeg;jpeg;640;427;0.0;Ein kleiner Holztisch für Kinder mit zwei angebrachten Sitzbänken aus hellem Holz. Die Bänke stehen sich gegenüber und der Tisch steht mittig zwischen ihnen, alles auf einem einzigen Holzsockel.;Referenzkarte / Leistungs-Detail;Ja;In WebP konvertieren, 800-1000px, Zielgröße <= 100 KB
940;Betonarbeitenneu.jpg;https://bau-mueller.eu/wp-content/uploads/2022/03/Betonarbeitenneu.jpg;jpeg;560;373;0.0;Betonarbeiten Colditz;Vorschaubild / Galerie-Detail;Bedingt;Nur in Detailgalerien oder ersetzen durch höher auflösende Originale
932;maurerarbeiten.jpg;https://bau-mueller.eu/wp-content/uploads/2022/03/maurerarbeiten.jpg;jpeg;560;373;0.0;maurer colditz;Vorschaubild / Galerie-Detail;Bedingt;Nur in Detailgalerien oder ersetzen durch höher auflösende Originale
882;zimmerei.jpg;https://bau-mueller.eu/wp-content/uploads/2022/03/zimmerei.jpg;jpeg;560;373;0.0;Eine Holzwerkstatt mit Holzbrettern, Sägeböcken und Werkzeugen, die verstreut herumliegen. Das Sonnenlicht fällt durch die Fenster und erhellt den Arbeitsbereich. Die Szene vermittelt eine rustikale, fleißige Atmosphäre.;Vorschaubild / Galerie-Detail;Bedingt;Nur in Detailgalerien oder ersetzen durch höher auflösende Originale
857;uberuns3.jpg;https://bau-mueller.eu/wp-content/uploads/2022/03/uberuns3.jpg;jpeg;373;559;0.0;Baugeschäft Müller Hohnbach;Vorschaubild / Galerie-Detail;Bedingt;Nur in Detailgalerien oder ersetzen durch höher auflösende Originale
848;uberuns1.jpg;https://bau-mueller.eu/wp-content/uploads/2022/03/uberuns1.jpg;jpeg;560;373;0.0;Baugeschäft Müller Hohnbach;Vorschaubild / Galerie-Detail;Bedingt;Nur in Detailgalerien oder ersetzen durch höher auflösende Originale
703;uberunssw.jpg;https://bau-mueller.eu/wp-content/uploads/2022/02/uberunssw.jpg;jpeg;560;373;0.0;Acht Männer stehen in einer Reihe vor dem Baugeschäft Müller Colditz. Einige tragen traditionelle Handwerkerkleidung, andere sind leger gekleidet. Das Schwarz-Weiß-Bild verdeutlicht die Verbundenheit mit dem lokalen Handwerk.;Vorschaubild / Galerie-Detail;Bedingt;Nur in Detailgalerien oder ersetzen durch höher auflösende Originale
602;start4.jpg;https://bau-mueller.eu/wp-content/uploads/2022/02/start4.jpg;jpeg;1200;1799;0.0;Ein Baumstamm wird von einer industriellen Sägemaschine bei Baugeschäft und Zimmerei Müller Colditz in Bretter geschnitten. Man sieht die kreisförmigen Ringe des Holzes und die Sägespäne, die um das Gerät herum verstreut sind.;Header / Großbild / Projekt-Hero;Ja;In WebP konvertieren, max. 1920px, Zielgröße <= 200 KB
601;start3.jpg;https://bau-mueller.eu/wp-content/uploads/2022/02/start3.jpg;jpeg;1200;801;0.0;Nahaufnahme einer Tischsäge in der Baugeschäft und Zimmerei Müller Colditz mit einem Kreissägeblatt, das teilweise durch eine Schutzvorrichtung abgedeckt ist. Im Hintergrund sind Holzspäne und Werkzeuge zu sehen.;Header / Großbild / Projekt-Hero;Ja;In WebP konvertieren, max. 1920px, Zielgröße <= 200 KB
600;start2.jpg;https://bau-mueller.eu/wp-content/uploads/2022/02/start2.jpg;jpeg;1200;801;0.0;Eine Werkstatt mit Holzbalken und -brettern, einem verwitterten Sägebock, Werkzeugen und verstreutem Material. Der rustikale Raum mit abgenutzten Wänden und großen Fenstern spiegelt die Handwerkskunst von Baugeschäft und Zimmerei Müller Colditz wider.;Header / Großbild / Projekt-Hero;Ja;In WebP konvertieren, max. 1920px, Zielgröße <= 200 KB
599;Start1.jpg;https://bau-mueller.eu/wp-content/uploads/2022/02/Start1.jpg;jpeg;1200;1799;0.0;Werkstatt;Header / Großbild / Projekt-Hero;Ja;In WebP konvertieren, max. 1920px, Zielgröße <= 200 KB
576;2021-11-07-16.34.jpeg;https://bau-mueller.eu/wp-content/uploads/2022/02/2021-11-07-16.34.jpeg;jpeg;1980;1321;0.0;Zimmerei;Header / Großbild / Projekt-Hero;Ja;In WebP konvertieren, max. 1920px, Zielgröße <= 200 KB
132;quote-1.png;https://bau-mueller.eu/wp-content/uploads/2018/11/quote-1.png;png;200;154;0.0;Große, weiße, stilisierte Anführungszeichen auf hellgrauem Hintergrund - perfekt, um die Handwerkskunst von Baugeschäft und Zimmerei Müller Colditz zu präsentieren und die Aufmerksamkeit auf die inspirierenden Kundenaussagen zu lenken.;Vorschaubild / Galerie-Detail;Bedingt;Nur in Detailgalerien oder ersetzen durch höher auflösende Originale
